Ship,Class,Ship Q,Class Q,Img
USS Almagest NCC-91870,Classe Sutherland,Q11793,Q11051,FNO1ca8VgAUTfC8.jpg
USS Arsinoe NCC-75307,Classe Sovereign,Q11783,Q1913,FNO9-0xVcAAHFwP.jpg
USS Avalon NCC-63887,Classe Akira,Q11807,Q1862,FNO0CZgVkAguW3K.jpg
USS Clark NCC-90206,Classe Reliant,Q11814,Q11053,FNO7MO UYAAV5K8.jpg
USS Eureka NCC-42023,Classe Excelsior II,Q11803,Q11802,FNO 4yJUUAQLbnU.jpg
USS Europa NCC-80104,Classe Luna,Q11812,Q10577,FNSUebJUYAEgz1u.jpg
USS Excelsior NCC-42037,Classe Excelsior II,Q11804,Q11802,FNO1Xh6VkAA9Rql.jpg
USS Gagarin NCC-97930,Classe Gagarin,Q11806,Q11052,FNO1d5tVkAE8zFz.jpg
USS Gilgamesh NCC-74669,Classe Sovereign,Q11784,Q1913,FNO4Ra6VQAczpv-.jpg
USS Helios NCC-63284,Classe Akira,Q11808,Q1862,FNO7jc UUAIMr2-.jpg
USS Hrothgar NCC-74975,Classe Sovereign,Q11785,Q1913,FNO 8baVcAM7ZIN.jpg
USS Hutchinson NCC-74957,Classe Sovereign,Q11786,Q1913,FNO-YN9VcAAw1QJ.jpg
USS Huygens NCC-91814,Classe Sutherland,Q11794,Q11051,FNO6BJmVIAAUDOI.jpg
USS Ibn Al-Haytham NCC-91965,Classe Sutherland,Q11795,Q11051,FNO7Sd8VcAAjw64.jpg
USS Luna NCC-80101,Classe Luna,Q9076,Q10577,FNO5zSGVkAAGaqK.jpg
USS Magellan NCC-86509,Classe Inquiry,Q11797,Q10583,FNO80oMVkAcfWVu.jpg
USS Nathan Hale NCC-86501,Classe Inquiry,Q11798,Q10583,FNPBMDnVQAE0OuH.jpg
USS Oberon NCC-80103,Classe Luna,Q11813,Q10577,FNO9H74VcAMd-1K.jpg
USS Okuda NCC-74107,Classe Sovereign,Q11787,Q1913,FNPAN9UUcAAgWPQ.jpg
USS Pachacuti NCC-74181,Classe Sovereign,Q11788,Q1913,FNPA-f-UUAAxC10.jpg
USS Rabin NCC-63293,Classe Akira,Q11809,Q1862,FNPAafNVkAMdzn9.jpg
USS Reliant NCC-90200,Classe Reliant,Q11815,Q11053,FNO9HHtVkAI3yDD.jpg
USS Rustazh NCC-86503,Classe Inquiry,Q11799,Q10583,FNO4KqgVQAMV69Q.jpg
USS Shackleton NCC-86517,Classe Inquiry,Q11800,Q10583,FNO815 VgAQB-Hc.jpg
USS Stargazer NCC-82893,Classe Sagan,Q11007,Q11025,FNO1RT5VIAENb5E.jpg
USS Sutherland NCC-91800,Classe Sutherland,Q11796,Q11051,FNO7UuaVUAAPLXQ.jpg
USS Thunderchild NCC-63549,Classe Akira,Q5765,Q1862,FNO5251VIAA3xp5.jpg
USS Uhura NCC-90214,Classe Reliant,Q11816,Q11053,FNO50cOVIAEoYmn.jpg
USS Valkyrie NCC-74877,Classe Sovereign,Q11789,Q1913,FNO4TDcUYAEb14D.jpg
USS Vanguard NCC-75148,Classe Ross,Q11791,Q11050,FNO38HjVgAIl3P-.jpg
USS Venture NCC-75306,Classe Sovereign,Q11790,Q1913,FNO99ccVcAIDp5q.jpg
USS Yi Sin-Sin NCC-76545,Classe Ross,Q11792,Q11050,FNO-UwsUYAI2PcQ.jpg
USS Zheng He NCC-86505,Classe Inquiry,Q11801,Q10583,FNPBMt1UUAIZeZ2.jpg
