"0-Titolo pagina","1-DataTrek Item",2-HTPaginaID,3-HTSezioneID,4-HTPaginaTag,5-HTPaginaElaboarata,6-HTMAPage,7-HTOriginale,8-HTimdbID,"9-Data stellare"
"Behind the Lines",Q1147,2507,1,dsn128,2018-04-02T21:04:38,,,,51145.3
"Bejal Otner",Q1148,2190,94,bejalotner,2018-04-22T16:17:20,Bejal_Otner,,,
Bek,Q1149,8472,94,bek,2018-04-22T16:17:38,Bek,,,
"Bela Oxmyx",Q1150,7086,107,oxmyxbela,2018-04-22T16:17:32,Bela_Oxmyx,,,
Belak,Q1151,266,242,asromukdderidexbelak,2018-05-06T13:11:12,IRW_Belak,,,
Belar,Q1152,8792,94,belar,2018-04-22T16:17:39,Belar,,,
Bele,Q1153,6093,94,bele,2018-04-22T16:17:27,Bele,,,
Belle,Q1154,9370,215,belle,2018-04-22T16:17:42,Belle,,,
Belongo,Q1155,10561,94,belongo,2018-04-22T16:17:48,Belongo,,,
"Beltania IX",Q1156,4118,150,beltania9,2018-04-22T21:14:29,,,,
Bem,Q1157,2999,19,tas18,2018-04-30T09:57:21,,,,7403.6
Bemar,Q1158,10567,94,bemar,2018-04-22T16:17:49,Bemar,,,
Ben,Q1159,2243,94,ben,2018-04-22T16:17:20,,,,
"Ben Binswagner",Q1160,10812,177,binswagnerben,2018-05-20T21:13:05,,,nm3418820,
"Ben Childress",Q1161,2164,95,childressben,2018-04-22T16:17:19,Ben_Childress,,,
"Ben Cross",Q1162,10666,178,crossben,2018-05-20T21:13:02,,,nm0002027,
"Ben Gage",Q1163,6913,182,gageben,2018-05-20T17:00:45,,,,
"Ben Lemon",Q1164,7951,187,lemonben,2018-05-20T20:34:27,,,,
"Ben Prieto",Q1165,1929,108,prietoben,2018-04-22T16:17:14,Ben_Prieto,,,
"Ben Slack",Q1166,7835,194,slackben,2018-05-20T20:34:26,,,,
"Ben Vereen",Q1167,8146,197,vereenben,2018-05-20T20:34:31,,,,
Benaren,Q1168,9365,94,benaren,2018-04-22T16:17:42,Benaren,,,
Benecia,Q1169,4051,150,benecia,2018-04-22T21:14:28,,,,
Benian,Q1170,4050,150,benian,2018-04-22T21:14:28,,,,
Beniani,Q1171,5048,122,beniani,2018-05-13T12:23:20,,,,
Benil,Q1172,8569,94,benil,2018-04-22T16:17:38,Benil,,,
"Benita Andre",Q1173,8329,176,andrebenita,2018-05-20T20:34:34,,,,
"Benito Martinez",Q1174,8142,188,martinezbenito,2018-05-20T20:34:31,,,,
"Benjamin Brown",Q1175,8909,177,brownbenjamin,2018-05-20T20:34:43,,,,
"Benjamin Finney",Q1176,2124,98,finneybenjamin,2018-04-22T16:17:19,Ben_Finney,,,
"Benjamin Livingston",Q1177,9440,187,livingstonbenjamin,2018-05-20T20:34:50,,,,
"Benjamin Maxwell",Q1178,7733,105,maxwellbenjamin,2018-04-22T16:17:34,Benjamin_Maxwell,,,
"Benjamin Sisko",Q1179,1871,111,siskobenjamin,2018-04-22T16:17:13,Benjamin_Sisko,,,
"Benjamin Sisko (specchio)",Q1180,10283,356,misiskobenjamin,2018-05-20T22:01:53,,,,
"Benjamin W.S. Lum",Q1181,7197,187,lumbenjaminws,2018-05-20T17:00:51,,,,
Benkarani,Q1182,5047,122,benkarani,2018-05-13T12:23:20,,,,
Bennet,Q1183,2245,94,bennet,2018-04-22T16:17:20,Bennet_(Ensign),,,
"Bennet Guillory",Q1184,8654,182,guillorybennet,2018-05-20T20:34:38,,,,
"Bennett (bennett)",Q1185,2246,94,bennett,2018-04-22T16:17:20,Bennett_(Crewman),,,
"Bennett (bennettamm)",Q10267,8804,94,bennettamm,2018-04-22T16:17:39,Bennett_(Rear_Admiral),,,
"Bennie Moore",Q10268,9976,188,moorebennie,2018-05-20T20:35:01,,,,
Bennings,Q10269,6542,94,bennings,2018-04-22T16:17:31,Bennings,,,
Benthani,Q10271,5046,122,benthani,2018-05-13T12:23:20,,,,
Benton,Q10272,2189,94,benton,2018-04-22T16:17:20,Benton,,,
Benyan,Q10273,9053,94,benyan,2018-04-22T16:17:41,Benyan,,,
Benzan,Q10274,7448,94,benzan,2018-04-22T16:17:33,Benzan,,,
Benzar,Q10275,4049,150,benzar,2018-04-22T21:14:28,,,,
Benziti,Q10276,5045,122,benziti,2018-05-13T12:23:20,,,,
Beowulf,Q10277,5236,208,beowulf,2018-05-27T12:54:30,,,,
Berel,Q10278,7744,94,berel,2018-04-22T16:17:34,Berel,,,
"Berengaria VII",Q10279,4119,150,berengaria7,2018-04-22T21:14:29,,,,
Berik,Q10280,8077,94,berik,2018-04-22T16:17:35,Berik,,,
Berkeley,Q10281,2188,94,berkeley,2018-04-22T16:17:20,Berkeley_(Lieutenant),,,
"Berlingoff Rasmussen",Q10282,7881,110,rasmussenberlingoff,2018-04-22T16:17:34,Berlingoff_Rasmussen,,,
"Bernard Kates",Q10283,8154,186,katesbernard,2018-05-20T20:34:31,,,,
"Bernardo Calvera",Q10284,8581,95,calverabernardo,2018-04-22T16:17:38,Bernardo_Calvera,,,
"Bernie Casey",Q10285,8525,178,caseybernie,2018-05-20T20:34:36,,,,
"Bernie Pock",Q10286,10045,191,pockbernie,2018-05-20T20:35:03,,,,
"Bernie Williams",Q10287,10228,198,williamsbernie,2018-05-20T21:13:00,,,nm0930089,
"Bersallis III",Q10288,4048,150,bersallis3,2018-04-22T21:14:28,,,,
"Bert Remsen",Q10289,8531,193,remsenbert,2018-05-20T20:34:36,,,,
"Bertila Damas",Q10290,1066,179,damasbertilla,2018-05-20T16:20:51,,,nm0198620,
"Bertram (bertram)",Q10291,2247,94,bertram,2018-04-22T16:17:20,Bertram_(female),,,
"Bertram (bertram1)",Q10292,10769,94,bertram1,2018-04-22T16:17:49,Bertram_(male),,,
"Best Destiny",Q10293,4504,53,litobestdestiny,2018-05-13T12:47:28,,,,
"Beta Agni II",Q10294,4046,150,betaagni2,2018-04-22T21:14:28,,,,
"Beta Antares IV",Q10295,4122,150,betaantares4,2018-04-22T21:14:29,,,,
"Beta III",Q10296,4047,150,beta3,2018-04-22T21:14:28,,,,
"Beta Kupsic",Q10297,4123,150,betakupsic,2018-04-22T21:14:29,,,,
"Beta Portolan",Q10298,4045,150,betaportolan,2018-04-22T21:14:28,,,,
"Beta Thoridar",Q10299,4124,150,betathoridar,2018-04-22T21:14:29,,,,
"Beta VI",Q10300,4120,150,beta6,2018-04-22T21:14:29,,,,
"Beta XII-Alfa",Q10301,4121,150,beta12a,2018-04-22T21:14:29,,,,
Betazed,Q10302,4044,150,betazed,2018-04-22T21:14:28,,,,
Betazoidi,Q10303,5044,122,betazoidi,2018-05-13T12:23:20,,,,
"Beth Delta I",Q10304,4043,150,bethdelta1,2018-04-22T21:14:28,,,,
"Beth Nufer",Q1186,9901,189,nuferbeth,2018-05-20T20:34:59,,,,
"Beth Toussaint",Q1187,7782,195,toussaintbeth,2018-05-20T17:01:00,,,,
"Beth Woods (woods)",Q1188,1780,115,woods,2018-04-22T16:17:12,Beth_Woods_%28Lieutenant_Commander%29,,,
"Beth Woods (woodsbeth)",Q1189,7521,198,woodsbeth,2018-05-20T17:00:57,,,nm1180086,
Bethany,Q1190,6540,94,bethany,2018-04-22T16:17:31,Bethany,,,
"Betty McGurie",Q1191,8500,188,mcguriebetty,2018-05-20T20:34:35,,,,
"Betty Muramoto",Q1192,7580,188,muramotobetty,2018-05-20T17:00:59,,,,
"Beverly Crusher",Q1193,2153,95,crusherbeverly,2018-04-22T16:17:19,Beverly_Crusher,,,
"Beverly Hart",Q1194,9990,183,hartbeverly,2018-05-20T20:35:01,,,,
"Beverly Leech",Q1195,9772,187,leechbeverly,2018-05-20T20:34:55,,,,
"Beverly Washburn",Q1196,6954,198,washburnbeverly,2018-05-20T17:00:47,,,,
"Beyond The Farthest Star",Q1197,2986,19,tas04,2018-04-30T09:57:19,,,,5221.3
Bhavani,Q1198,7634,94,bhavani,2018-04-22T16:17:33,Bhavani,,,
"Bibi Besch",Q1199,9884,177,beschbibi,2018-05-20T20:34:58,,,,
Bibliografia,Q12425,861,9,bibliografia,2018-05-20T21:39:02,,,,
"Biddle 'B.C.' Coleridge",Q12535,8579,95,coleridgebiddle,2018-04-22T16:17:38,Biddle_Coleridge,,,
"Bietola livaniana",Q1200,5937,204,bietolalivaniana,2018-05-27T13:43:36,,,,
"Biff Elliot",Q1201,6852,180,elliotbiff,2018-05-20T17:00:44,,,,
"Biff Manard",Q1202,7392,188,manardbiff,2018-05-20T17:00:54,,,,
"Biff Yeager",Q1203,1754,200,yeagerbiff,2018-05-20T16:21:13,,,nm0947010,
Biggs,Q1204,10389,356,mibiggs,2018-05-20T22:01:54,,,,
"Bilana III",Q1205,4042,150,bilana3,2018-04-22T21:14:28,,,,
Bilaniani,Q1206,5043,122,bilaniani,2018-05-13T12:23:20,,,,
Bilar,Q1207,6882,94,bilar,2018-04-22T16:17:32,Bilar,,,
Bilecki,Q1208,2248,94,bilecki,2018-04-22T16:17:20,Bilecki,,,
"Bill Bolender",Q1209,8522,177,bolenderbill,2018-05-20T20:34:36,,,,
"Bill Burton, Jr.",Q1210,10084,177,burtonbilljr,2018-05-20T20:35:04,,,,
"Bill Catching",Q1211,1007,178,catchingbill,2018-05-20T16:20:50,,,nm0145998,
"Bill Cho Lee",Q1212,8003,187,leebillcho,2018-05-20T20:34:29,,,,
"Bill Cobbs",Q1213,6608,178,cobbsbill,2018-05-20T17:00:39,,,,
"Bill Couch",Q1214,9911,178,couchbill,2018-05-20T20:34:59,,,,
"Bill Couch, Jr.",Q1215,9895,178,couchbilljr,2018-05-20T20:34:58,,,,
"Bill Couch, Sr.",Q1216,9896,178,couchbillsr,2018-05-20T20:34:58,,,,
"Bill Dial",Q1217,1096,179,dialbill,2018-05-20T16:20:52,,,nm0224482,
"Bill Erwin",Q1218,7781,180,erwinbill,2018-05-20T17:01:00,,,,
"Bill McTosh",Q1219,7494,188,mctoshbill,2018-05-20T17:00:56,,,nm0570632,
"Bill Mondy",Q1220,8509,188,mondybill,2018-05-20T20:34:36,,,,
"Bill Mumy",Q1221,9006,188,mumybill,2018-05-20T20:34:44,,,nm0612621,
"Bill Prady",Q1222,9556,191,pradybill,2018-05-20T20:34:52,,,nm0695080,
"Bill Quinn",Q1223,9989,192,quinnbill,2018-05-20T20:35:01,,,,
"Bill Smillie",Q1224,10229,111,smillie,2018-04-22T16:17:46,Bill_(Fleet_Admiral),,,
"Bill Smitrovich",Q1225,8640,194,smitrovichbill,2018-05-20T20:34:37,,,,
"Bill Vallely",Q1226,9665,197,vallelybill,2018-05-20T20:34:54,,,nm1262683,
"Bill Zuckert",Q1227,6328,201,zuckertbill,2018-05-20T17:00:34,,,,
Billy,Q1228,6418,94,billy,2018-04-22T16:17:29,Billy_(Carbon_Creek),,,
"Billy Burke",Q1229,8628,177,burkebilly,2018-05-20T20:34:37,,,,
"Billy Curtis",Q1230,6983,178,curtisbilly,2018-05-20T17:00:47,,,,
"Billy Hank Hooker",Q1231,10069,183,hookerbillyhank,2018-05-20T20:35:04,,,,
"Billy Mayo",Q1232,6497,188,mayobilly,2018-05-20T17:00:37,,,,
"Billy Simpson",Q1233,10597,194,simpsonbilly,2018-05-20T21:13:02,,,nm0800916,
"Billy Van Zandt",Q1234,7505,197,vanzandtbilly,2018-05-20T17:00:57,,,nm0888345,
Binari,Q1235,5042,122,binari,2018-05-13T12:23:20,,,,
Bio-Genovesio,Q1236,5134,214,biogenovesio,2018-05-20T22:01:40,,,,
Bionave,Q1237,27,8,as8472bionave,2018-05-06T13:10:46,,,,
"Biosonda sottocutanea",Q1238,5128,213,biosondasottocutanea,2018-05-20T22:01:40,,,,
"Bird of Prey (2150)",Q1239,260,41,asromukbop21501,2018-05-06T13:11:11,,,,
"Bird of Prey (asromukbop22601)",Q1240,261,244,asromukbop22601,2018-05-06T13:11:11,,,,
"Bird of Prey (asromukbop22602)",Q1241,262,244,asromukbop22602,2018-05-06T13:11:12,,,,
"Birra Brestanti",Q1243,5788,203,birrabrestanti,2018-05-27T13:13:54,,,,
"Birra Toffa",Q1248,5792,203,birratoffa,2018-05-27T13:13:55,,,,
"Birra andoriana",Q1242,5787,203,birraandoriana,2018-05-27T13:13:54,,,,
"Birra cardassiana",Q1244,5789,203,birracardassiana,2018-05-27T13:13:54,,,,
"Birra di Ennan VI",Q1245,5860,203,bebirraennan6,2018-05-27T13:13:57,,,,
"Birra maporiana",Q1246,5790,203,birramaporiana,2018-05-27T13:13:54,,,,
"Birra romulana",Q1247,5791,203,birraromulana,2018-05-27T13:13:54,,"Romulan ale",,
"Birra trakiana",Q1249,5793,203,birratrakiana,2018-05-27T13:13:55,,,,
Birta,Q1250,8258,94,birta,2018-04-22T16:17:36,Birta,,,
"Birthright - Part I",Q1251,2696,21,tng142,2018-04-02T21:04:44,Birthright%2C_Part_I_%28episode%29,,tt0708679,46578.4
"Birthright - Part II",Q1252,2697,21,tng143,2018-04-02T21:04:44,,,,46579.2
"Bistecca di kilm",Q1253,5938,204,bisteccaklim,2018-05-27T13:43:36,,,,
"Bistecca di lumaca",Q1254,5939,204,bisteccalumaca,2018-05-27T13:43:36,,,,
"Bjo Trimble",Q1255,4684,195,trimblebjo,2018-05-20T17:00:27,,,,
"Bjorn Bensen",Q1256,7305,94,bensenbjorn,2018-04-22T16:17:33,Bjorn_Bensen,,,
Black,Q1257,6681,356,miblack,2018-05-20T22:01:47,,,,
"Black Fire",Q1258,4505,53,litoblackfire,2018-05-13T12:47:28,,,,
"Black Sea at night",Q1260,5237,208,blackseanight,2018-05-27T12:54:30,,,,
Blackjack,Q1259,6023,206,blackjack,2018-05-20T22:01:47,,,,
"Blair Valk",Q1261,8843,197,valkblair,2018-05-20T20:34:41,,,,
"Blaisdel Makee",Q1262,1363,188,makeeblaisdel,2018-05-20T16:21:01,,,nm0086426,
"Blake Lindsley",Q1263,9004,187,lindsleyblake,2018-05-20T20:34:43,,,,
"Blaze of Glory",Q1264,2500,1,dsn121,2018-04-02T21:04:38,,,,50862.3
"Blink of an Eye",Q1265,2863,22,voy132,2018-04-02T21:04:51,Blink_of_an_Eye,,tt0708856,
Bliss,Q1266,2839,22,voy108,2018-04-02T21:04:50,,,,52542.3
Blitmanite,Q1267,5135,214,blitmanite,2018-05-20T22:01:40,,,,
"Blood Fever",Q1268,2789,22,voy058,2018-04-02T21:04:48,Blood_Fever,,,50537.2
"Blood Oath",Q1269,2419,1,dsn039,2018-04-02T21:04:35,Blood_Oath,,tt0708507,47789.8
Bloodlines,Q1270,2728,21,tng174,2018-04-02T21:04:46,,,,47829.1
Bloodthirst,Q1271,4506,53,litobloodthirst,2018-05-13T12:47:28,,,,
"Blu Horizon",Q1272,4041,150,bluhorizon,2018-04-22T21:14:28,,,,
"Bo Zenga",Q1273,8306,201,zengabo,2018-05-20T20:34:33,,,,
Bo'rak,Q1274,8600,94,borak,2018-04-22T16:17:38,Bo%27rak,,,
"Bob Briggs",Q1275,10153,94,briggsbob,2018-04-22T16:17:45,Bob_Briggs,,,
"Bob Clendenin",Q1276,9182,178,clendeninbob,2018-05-20T20:34:47,,,nm0003928,
"Bob Cummings",Q1277,9919,178,cummingsbob,2018-05-20T20:34:59,,,,
"Bob Fass",Q1278,6905,181,fassbob,2018-05-20T17:00:45,,,,
"Bob Gains",Q1279,9988,182,gainsbob,2018-05-20T20:35:01,,,,
"Bob Gunton",Q1280,7793,182,guntonbob,2018-05-20T20:34:24,,,,
"Bob Ingersoll",Q1281,10449,184,ingersollbob,2018-05-20T21:13:01,,,nm0408777,
"Bob Johnson",Q1282,6997,185,johnsonbob,2018-05-20T17:00:48,,,,
"Bob Kirsh",Q1283,8922,186,kirshbob,2018-05-20T20:34:43,,,,
"Bob Lyon",Q1284,6991,187,lyonbob,2018-05-20T17:00:48,,,,
"Bob McGovern",Q1285,10089,188,mcgovernbob,2018-05-20T20:35:05,,,,
"Bob Miles",Q1286,1417,188,milesbob,2018-05-20T16:21:02,,,nm0587067,
"Bob Minor",Q1287,8656,188,minorbob,2018-05-20T20:34:38,,,,
"Bob Morrisey",Q1288,1432,188,morriseybob,2018-05-20T16:21:03,,,nm0607031,
"Bob Orrison",Q1289,1470,190,orrisonbob,2018-05-20T16:21:04,,,nm0650657,
"Bob Rivers",Q1290,6521,193,riversbob,2018-05-20T17:00:38,,,,
"Bob Rudd",Q1291,9776,193,ruddbob,2018-05-20T20:34:55,,,,
"Bob Sarlatte",Q1292,9951,194,sarlattebob,2018-05-20T20:35:00,,,,
"Bob Stillman",Q1293,9621,194,stillmanbob,2018-05-20T20:34:53,,,,
"Bobbi Sue Luther",Q1294,6592,187,lutherbobbisue,2018-05-20T17:00:39,,,,
"Bobby Bass",Q1295,903,177,bassbobby,2018-05-20T16:20:47,,,nm0060037,
"Bobby Burns",Q1296,9525,177,burnsbobby,2018-05-20T20:34:51,,,,
"Bobby C. King",Q1297,8750,186,kingbobbyc,2018-05-20T20:34:39,,,,
"Bobby Clark",Q1298,1027,178,clarkbobby,2018-05-20T16:20:50,,,nm0163710,
Bochra,Q1299,7630,94,bochra,2018-04-22T16:17:33,Bochra,,,
Boday,Q1300,10509,94,boday,2018-04-22T16:17:48,Boday,,,
"Body Parts",Q1302,2477,1,dsn097,2018-04-02T21:04:37,Body_Parts_%28episode%29,,tt0708508,
"Body and Soul",Q1301,2886,22,voy155,2018-04-07T16:50:11,Body_and_Soul,,tt0708859,54238.3
Boheeka,Q1303,8467,94,boheeka,2018-04-22T16:17:38,Boheeka,,,
Bok,Q1304,7286,94,bok,2018-04-22T16:17:33,Bok,,,
Bok'Nor,Q1305,72,36,ascardboknor,2018-05-06T13:10:51,Bok%27Nor,,,
"Bolarus IX",Q1306,4040,150,bolarus9,2018-04-22T21:14:28,,,,
Boliani,Q1307,5041,122,boliani,2018-05-13T12:23:20,,,,
Bolka,Q1308,10483,94,bolka,2018-04-22T16:17:48,Bolka,,,
Boma,Q1309,2249,94,boma,2018-04-22T16:17:20,Boma,,,
"Bomba neutronica multicinetica",Q1310,5212,211,bombaneutronicamulti,2018-05-20T22:01:42,,,,
"Boni Yanagisawa",Q1311,1752,200,yanagisawaboni,2018-05-20T16:21:13,,,nm0945848,
"Bonita Friedericy",Q1312,6398,181,friedericybonita,2018-05-20T17:00:35,,,,
"Bonnie Beecher",Q1313,6324,177,beecherbonnie,2018-05-20T17:00:33,,,,
"Booby Trap",Q1314,2608,21,tng054,2018-04-02T21:04:41,Booby_Trap,,,43205.6
"Booth Colman",Q1315,9513,178,colmanbooth,2018-05-20T20:34:51,,,,
Boothby,Q1316,2184,94,boothby,2018-04-22T16:17:20,Boothby,,,
"Bopak III",Q1317,4039,150,bopak3,2018-04-22T21:14:28,,,,
Boq'ta,Q1318,2250,94,boqta,2018-04-22T16:17:20,Boq%27ta,,,
"Boraal II",Q1319,4125,150,boraal2,2018-04-22T21:14:29,,,,
"Boraal II/Vacca VI Transformation",Q1320,5238,208,boraalvacca,2018-05-27T12:54:30,,,,
Boraalani,Q1321,5039,122,boraalani,2018-05-13T12:23:20,,,,
Borath,Q1322,8560,94,borath,2018-04-22T16:17:38,Borath,,,
Boratus,Q1323,7677,94,boratus,2018-04-22T16:17:34,Boratus,,,
Borderland,Q1324,2363,17,ent080,2018-04-02T21:04:32,,,,
"Boreal III",Q1325,4126,150,boreal3,2018-04-22T21:14:29,,,,
Boreth,Q1326,4038,150,boreth,2018-04-22T21:14:28,,,,
"Boreth (holodeck)",Q1327,5239,208,borethh,2018-05-27T12:54:30,,,,
Borg,Q1328,3282,28,borg,2018-05-20T21:39:02,Borg,,,
"Boris Lee Krutonog",Q1329,1309,186,krutonogboris,2018-05-20T16:20:59,,,nm0472928,
"Boris Sobelman",Q1330,7125,194,sobelmanboris,2018-05-20T17:00:49,,,,
"Borka VI",Q1331,4037,150,borka6,2018-04-22T21:14:28,,,,
Boronite,Q1442,5136,214,bronite,2018-05-20T22:01:40,,,,
Borum,Q1332,8402,94,borum,2018-04-22T16:17:37,Borum,,,
Bosaal,Q1333,9717,94,bosaal,2018-04-22T16:17:44,Bosaal,,,
"Bosus Hill",Q1334,8131,100,hillbosus,2018-04-22T16:17:35,Bosus,,,
Bothani,Q1335,5038,122,bothani,2018-05-13T12:23:20,,,,
Bound,Q1336,2376,17,ent093,2018-04-02T21:04:32,,,,
Bounty,Q1337,2334,17,ent051,2018-04-02T21:04:29,,,,
Boyer,Q1338,2251,94,boyer,2018-04-22T16:17:20,Boyer,,,
Boylan,Q1339,2252,94,boylan,2018-04-22T16:17:20,Boylan,,,
"Bozel Prime",Q1340,4127,150,bozelprime,2018-04-22T21:14:29,,,,
Bozeliani,Q1341,5037,122,bozeliani,2018-05-13T12:23:20,,,,
"Bracas V",Q1342,4128,150,bracas5,2018-04-22T21:14:29,,,,
Brackett,Q1343,7880,94,brackett,2018-04-22T16:17:34,,,,
Bractor,Q1344,7458,94,bractor,2018-04-22T16:17:33,Bractor,,,
"Brad Blaisdell",Q1345,8903,177,blaisdellbrad,2018-05-20T20:34:43,,,,
"Brad Dourif",Q1346,1113,179,dourifbrad,2018-05-20T16:20:53,,,nm0000374,
"Brad Ferguson",Q1347,4737,181,fergusonbrad,2018-05-20T17:00:28,,,,
"Brad Forrest",Q1348,6098,181,forrestbrad,2018-05-20T17:00:30,,,,
"Brad Greenquist",Q1349,1202,182,greenquistbrad,2018-05-20T16:20:56,,,nm0339159,
"Brad Weston",Q1350,6851,198,westonbrad,2018-05-20T17:00:44,,,,
"Brad William Henke",Q1351,10699,183,henkebradwilliam,2018-05-20T21:13:03,,,nm0377034,
"Brad Zerbst",Q1352,1764,201,zerbstbrad,2018-05-20T16:21:13,,,nm1123651,
"Bradley J. Thompson",Q1353,1653,195,thompsonbradley,2018-05-20T16:21:10,,,nm0859918,
"Bradley M. Look",Q1354,4689,187,lookbradleym,2018-05-20T17:00:27,,,,
"Bradley Pierce",Q1355,9457,191,piercebradley,2018-05-20T20:34:51,,,,
"Brady Bluhm",Q1356,9108,177,bluhnbrady,2018-05-20T20:34:45,,,,
Branch,Q1357,2263,94,branch,2018-04-22T16:17:20,Branch,,,
Brand,Q1358,7897,94,brand,2018-04-22T16:17:35,Brand,,,
"Brandon Karrer",Q1359,6198,186,karrerbrandon,2018-05-20T17:00:32,,,,
"Brandon Stacy",Q1360,10717,194,stacybrandon,2018-05-20T21:13:03,,,nm1975871,
"Brandy alvaniano",Q1361,5794,203,brandyalvaniano,2018-05-27T13:13:55,,,,
"Brandy andoliano",Q1362,5795,203,brandyandoliano,2018-05-27T13:13:55,,,,
"Brandy antareano",Q1363,5796,203,brandyantareano,2018-05-27T13:13:55,,,,
"Brandy sauriano",Q1364,5858,203,bebrandysauriano,2018-05-27T13:13:56,Saurian_brandy,"Saurian brandy",,
"Brannon Braga",Q1365,954,177,bragabrannon,2018-05-20T16:20:48,,,nm0103804,
"Branscombe Richmond",Q1366,9920,193,richmondbranscombe,2018-05-20T20:34:59,,,,
Branson,Q1367,10211,94,branson,2018-04-22T16:17:46,Branson,,ch0088432,
"Brant Cotton",Q1368,8855,178,cottonbrant,2018-05-20T20:34:41,,,,
Brathaw,Q1369,8723,94,brathaw,2018-04-22T16:17:39,Brathaw,,,
"Brax (brax)",Q1370,9733,94,brax,2018-04-22T16:17:44,Brax_(Talaxian),,,
"Brax (braxp)",Q1371,4129,150,braxp,2018-04-22T21:14:30,,,,
Braxton,Q1372,9327,94,braxton,2018-04-22T16:17:42,Braxton,,,
"Bread and Circuses",Q1373,2946,18,tos43,2018-04-07T16:50:18,,,tt0708421,4040.7
"Breaking the Ice",Q1374,2291,17,ent008,2018-04-02T21:04:28,,,,
Breen,Q1375,5036,122,breen,2018-05-13T12:23:20,,,,
Brekka,Q1376,4036,150,brekka,2018-04-22T21:14:28,,,,
Brekkiani,Q1377,5035,122,brekkiani,2018-05-13T12:23:20,,,,
Brell,Q1378,9704,94,brell,2018-04-22T16:17:44,Brell,,,
"Brenan Baird",Q1379,8846,177,bairdbrenan,2018-05-20T20:34:41,,,,
Brenari,Q1380,5034,122,brenari,2018-05-13T12:23:20,,,,
"Brenda Bakke",Q1381,7213,177,bakkebrenda,2018-05-20T17:00:51,,,,
"Brenda Jean",Q1382,9163,185,jeanbrenda,2018-05-20T20:34:46,,,,
"Brenda Strong",Q1383,7243,194,strongbrenda,2018-05-20T17:00:52,,,,
"Brendan McKane",Q1384,7256,188,mckanebrendan,2018-05-20T17:00:52,,,,
"Brenna Odell",Q1385,7453,107,odellbrenna,2018-04-22T16:17:33,Brenna_Odell,,,
Brent,Q1386,2182,94,brent,2018-04-22T16:17:20,Brent,,,
"Brent Hinkley",Q1387,9269,183,hinkleybrent,2018-05-20T20:34:48,,,,
"Brent Spiner",Q1388,1617,194,spinerbrent,2018-05-20T16:21:09,,,nm0000653,
"Brent V. Friedman",Q1389,1163,181,friedmanbrent,2018-05-20T16:20:54,,,nm0295165,
Brentalia,Q1390,4035,150,brentalia,2018-04-22T21:14:28,,,,
"Breon Gorman",Q1391,10104,182,gormanbreon,2018-05-20T20:35:05,,,,
"Brett Baker",Q1392,6155,177,bakerbrett,2018-05-20T17:00:31,,,,
"Brett Cullen",Q1393,8632,178,cullenbrett,2018-05-20T20:34:37,,,,
"Brett Dunham",Q1394,6802,179,dunhambrett,2018-05-20T17:00:43,,,,
"Brett Porter",Q1395,10010,191,porterbrett,2018-05-20T20:35:02,,,,
"Brett Rickaby",Q1396,6477,193,rickabybrett,2018-05-20T17:00:36,,,,
Briam,Q1397,7905,94,briam,2018-04-22T16:17:35,Briam,,,
"Brian Alan Lane",Q1398,7466,187,lanebrianalan,2018-05-20T17:00:56,,,nm0485256,
"Brian Bonsall",Q1399,945,177,bonsallbrian,2018-05-20T16:20:48,,,nm0095176,
"Brian Brophy",Q1400,7413,177,brophybrian,2018-05-20T17:00:55,,,,
"Brian D'Arcy",Q1401,6522,179,darcybrian,2018-05-20T17:00:38,,,,
"Brian Evaret Chandler",Q1402,8865,178,chandlerbrianevaret,2018-05-20T20:34:41,,,nm1835661,
"Brian Fitzpatrick",Q1403,9544,181,fitzpatrickbrian,2018-05-20T20:34:52,,,nm0280494,
"Brian George",Q1404,1180,182,georgebrian,2018-05-20T16:20:55,,,nm0313364,
"Brian J. Cousins",Q1405,1050,178,cousinsbrian,2018-05-20T16:20:51,,,nm0184080,
"Brian J. Williams",Q1406,6467,198,williamsbrianj,2018-05-20T17:00:36,,,,
"Brian Jacobs",Q1407,6165,185,jacobsbrian,2018-05-20T17:00:31,,,,
"Brian Keith",Q1408,8325,186,keithbrian,2018-05-20T20:34:34,,,,
"Brian Markinson",Q1409,1372,188,markinsonbrian,2018-05-20T16:21:01,,,nm0548498,
"Brian McNamara",Q1410,9454,188,mcnamarabrian,2018-05-20T20:34:51,,,,
"Brian Morri",Q1411,6374,188,morribrian,2018-05-20T17:00:35,,,,
"Brian Reddy",Q1412,6356,193,reddybrian,2018-05-20T17:00:34,,,,
"Brian Sofin",Q1413,3233,111,sofinbrian,2018-04-22T16:17:27,Brian_Sofin,,,
"Brian Thompson",Q1414,1652,195,thompsonbrian,2018-05-20T16:21:10,,,nm0859921,
"Brian Tochi",Q1415,1665,195,tochibrian,2018-05-20T16:21:10,,,nm0865058,
"Briar patch",Q1416,5971,205,briarpatch,2018-05-20T22:01:45,Briar_Patch,"Briar patch",,
"Brice R. Parker",Q1417,8875,191,parkerbricer,2018-05-20T20:34:42,,,nm0662095,
"Bride of Chaotica!",Q1418,2837,22,voy106,2018-04-02T21:04:50,,,,
"Bridget Ann White",Q1419,8896,198,whitebridgetann,2018-05-20T20:34:42,,,,
"Brigid Brannaugh",Q1420,6404,177,brannaughbrigid,2018-05-20T17:00:36,,,,
Brilgar,Q1421,2254,94,brilgar,2018-04-22T16:17:20,Brilgar,,,
"Brin (brin)",Q1422,9055,94,brin,2018-04-22T16:17:41,Brin_(Bajoran),,,
"Brin (brin1)",Q1423,10770,94,brin1,2018-04-22T16:17:49,Brin_(Uxali),,,
"Brina tamariana",Q1424,5797,203,brinatamariana,2018-05-27T13:13:55,,,,
"Bringloid V",Q1425,4034,150,bringloid5,2018-04-22T21:14:28,,,,
Bringloidi,Q1426,5033,122,bringloidi,2018-05-13T12:23:20,,,,
"Brioni Farrell",Q1427,6830,181,farrellbrioni,2018-05-20T17:00:44,,,nm0268187,
Briori,Q1428,5032,122,briori,2018-05-13T12:23:20,,,,
"Brittany Parkyn",Q1429,10033,191,parkynbrittany,2018-05-20T20:35:03,,,,
Broca,Q1430,9081,94,broca,2018-04-22T16:17:41,Broca,,,
"Brock Burnett",Q1431,9802,177,burnettbrock,2018-05-20T20:34:56,,,,
"Brock Peters",Q1432,1488,191,petersbrock,2018-05-20T16:21:05,,,nm0676349,
"Brodo di leola",Q1433,5940,204,brodoleola,2018-05-27T13:43:36,,,,
"Brodo di uova senariane",Q1434,5941,204,brodouovasenariane,2018-05-27T13:43:36,,,,
Brody,Q1435,7191,94,brody,2018-04-22T16:17:33,Brody,,,
Broik,Q1436,9082,94,broik,2018-04-22T16:17:41,Broik,,,
Brok'Tan,Q1437,9565,94,broktan,2018-04-22T16:17:43,Brok%27tan,,,
"Broken Bow",Q1438,2285,17,ent001,2018-04-02T21:04:27,,,,
"Broken Link",Q1439,5093,1,dsn098,2018-04-07T16:50:21,,,,49962.4
Brone,Q1441,9472,94,brone,2018-04-22T16:17:43,Brone,,,
"Brooke Ashley Stephens",Q1443,9528,194,stephensbrookeashley,2018-05-20T20:34:51,,,,
"Brooke Averi",Q1444,9760,176,averibrooke,2018-05-20T20:34:55,,,,
"Brooke Benko",Q1445,9810,177,benkobrooke,2018-05-20T20:34:57,,,,
"Brooke Breton",Q1446,960,177,bretonbrooke,2018-05-20T16:20:48,,,nm0107868,
"Brooke Bundy",Q1447,7196,177,bundybrooke,2018-05-20T17:00:51,,,,
"Brooker Bradshaw",Q1448,952,177,bradshawbrooker,2018-05-20T16:20:48,,,nm0103468,
Brooks,Q1449,2256,94,brooks,2018-04-22T16:17:20,Brooks_(Ensign),,,
Brossmer,Q1450,7914,94,brossmer,2018-04-22T16:17:35,Brossmer,,,
Brota,Q1451,8821,94,brota,2018-04-22T16:17:39,Brota,,,
Brothers,Q1453,2631,21,tng077,2018-04-02T21:04:42,,,,44085.7
"Browder IV",Q1454,4130,150,browder4,2018-04-22T21:14:30,,,,
Brower,Q1455,2260,94,brower,2018-04-22T16:17:20,Brower,,,
Brown,Q1456,2177,94,brown,2018-04-22T16:17:20,Brown_(Doctor),,,
Browne,Q1457,10398,356,browne,2018-05-20T22:01:55,,,,
"Bruce Beatty",Q1458,8173,177,beattybruce,2018-05-20T20:34:32,,,,
"Bruce Bohn",Q1459,9280,177,bohnbruce,2018-05-20T20:34:49,,,,
"Bruce D. Arthurs",Q1460,7850,176,arthursbruced,2018-05-20T20:34:26,,,nm1665959,
"Bruce Davison",Q1461,1076,179,davisonbruce,2018-05-20T16:20:52,,,nm0001117,
"Bruce French",Q1462,1161,181,frenchbruce,2018-05-20T16:20:54,,,nm0294050,
"Bruce Gray",Q1463,1199,182,graybruce,2018-05-20T16:20:55,,,nm0336489,
"Bruce Greenwood",Q1464,10661,182,greenwoodbruce,2018-05-20T21:13:02,,,nm0339304,
"Bruce Hyde",Q1465,1255,183,hydebruce,2018-05-20T16:20:57,,,nm0404953,
"Bruce Maddox",Q1466,2003,105,maddoxbruce,2018-04-22T16:17:15,Bruce_Maddox,,,
"Bruce Mars",Q1467,1373,188,marsbruce,2018-05-20T16:21:01,,,nm0550308,
"Bruce McGill",Q1468,9459,188,mcgillbruce,2018-05-20T20:34:51,,,,
"Bruce Thomas",Q1469,1651,195,thomasbruce,2018-05-20T16:21:10,,,nm0858573,
"Bruce Watson",Q1470,6740,198,watsonbruce,2018-05-20T17:00:41,,,,
"Bruce Wayne Randall",Q1471,9997,193,randallbrucewayne,2018-05-20T20:35:02,,,,
"Bruce Wright",Q1472,1748,198,wrightbruce,2018-05-20T16:21:12,,,nm0942257,
Brull,Q1473,7640,94,brull,2018-04-22T16:17:33,Brull,,,
Brunali,Q1474,5031,122,brunali,2018-05-13T12:23:20,,,,
Brunt,Q1475,8612,94,brunt,2018-04-22T16:17:38,Brunt,,,
"Brunt (specchio)",Q1476,9062,356,mibrunt,2018-05-20T22:01:50,,,,
"Bryan Burk",Q1477,10604,177,burkbryan,2018-05-20T21:13:02,,,nm1333357,
"Bryan Fuller",Q1478,1165,181,fullerbryan,2018-05-20T16:20:54,,,nm0298188,
"Bryan Singer",Q1479,10132,194,singerbryan,2018-05-20T21:13:00,,,,
"Bryan Tyler",Q1480,7165,195,tylerbryan,2018-05-20T17:00:50,,,nm0003911,
Bryma,Q1481,4131,150,bryma,2018-04-22T21:14:30,,,,
Bu'kaH,Q1482,6246,94,bukah,2018-04-22T16:17:28,Bu%27kaH,,,
"Buck Bokai",Q1483,7296,94,bokaibuck,2018-04-22T16:17:33,Buck_Bokai,,,
"Buck Maffei",Q1484,6789,188,maffeibuck,2018-05-20T17:00:42,,,,
"Buco nero",Q1485,5798,203,buconero,2018-05-27T13:13:55,Black_hole_%28beverage%29,"Black hole",,
"Buco nero di classe 4",Q1486,5958,205,buconeroclasse4,2018-05-20T22:01:45,,,,
"Bud Da Vinci",Q1487,6073,179,davincibud,2018-05-20T17:00:29,,,,
"Bud Davis",Q1488,10048,179,davisbud,2018-05-20T20:35:03,,,,
"Budd Albright",Q1489,6759,176,albrightbudd,2018-05-20T17:00:42,,,,
"Buddy Garion",Q1490,7002,182,garionbuddy,2018-05-20T17:00:48,,,,
"Buddy Joe Hooker",Q1491,10070,183,hookerbuddyjoe,2018-05-20T20:35:04,,,,
"Budino delviano",Q1492,10619,204,budinodelviano,2018-05-27T13:43:36,,"Delvin fluff pastries",,
"Budino speziato i'daniano",Q1493,10538,204,budinoidaniano,2018-05-27T13:43:36,,"I'danian spice pudding",,
"Bue rigeliano",Q1494,5984,207,buerigeliano,2018-05-20T22:01:46,,,,
Bullock,Q1495,9390,94,bullock,2018-04-22T16:17:43,Bullock,,,
"Bumper Robinson",Q1496,8629,193,robinsonbumper,2018-05-20T20:34:37,,,,
"Burala Prime",Q1497,4132,150,buralaprime,2018-04-22T21:14:30,,,,
"Burke (burke)",Q1498,8787,94,burke,2018-04-22T16:17:39,Burke_(Chief),,,
"Burke (burkeens)",Q1499,2261,94,burkeens,2018-04-22T16:17:20,Burke_(Ensign),,,
Burleigh,Q1500,9138,215,burleigh,2018-04-22T16:17:41,Lord_Burleigh,,,
"Burr Middleton",Q1501,6585,188,middletonburr,2018-05-20T17:00:38,,,,
"Burro romboliano",Q1502,5942,204,burroromboliano,2018-05-27T13:43:36,,,,
Burrows,Q1503,6657,94,burrows,2018-04-22T16:17:31,Burrows,,,
"Burt Ryan",Q1504,8952,110,ryanburt,2018-04-22T16:17:40,Burt_Ryan,,,
"Burton Armus",Q1505,885,176,armusburton,2018-05-20T16:20:46,,,nm0035953,
Burzaan,Q1506,6251,94,burzaan,2018-04-22T16:17:28,Burzaan,,,
"Business as Usual",Q1507,2495,1,dsn116,2018-04-02T21:04:38,,,,50675.5
Butch,Q1508,9330,94,butch,2018-04-22T16:17:42,Butch,,,
"By Any Other Name",Q1509,2953,18,tos50,2018-04-07T16:50:19,By_Any_Other_Name_%28episode%29,,tt0708422,4657.5
"By Inferno's Light",Q1510,2492,1,dsn113,2018-04-02T21:04:37,,,,50564.2
Byleth,Q1511,8205,94,byleth,2018-04-22T16:17:35,Byleth,,,
Bynaus,Q1512,4033,150,bynaus,2018-04-22T21:14:28,,,,
Byron,Q1513,9356,215,byron,2018-04-22T16:17:42,Lord_Byron,,,
"Byron Morrow",Q1514,1433,188,morrowbyron,2018-05-20T16:21:03,,,nm0607465,
"C. O'Brien",Q1515,6850,190,obrienc,2018-05-20T17:00:44,,,,
"C.J. Bau",Q1516,10049,177,baucj,2018-05-20T20:35:03,,,,
Caatati,Q1517,5029,123,caatati,2018-05-13T12:23:20,,,,
"Cabina di tortura",Q1518,10392,368,cabinatortura,2018-05-20T22:01:54,,"Agony booth",,
Cabot,Q1519,2176,95,cabot,2018-04-22T16:17:20,Cabot,,,
"Caccia (asdomkcaccia)",Q12422,123,227,asdomkcaccia,2018-05-06T13:10:56,,,,
"Caccia (asdomkcaccia01)",Q12437,124,227,asdomkcaccia01,2018-05-06T13:10:57,,,,
"Caccia (asdomkcaccia02)",Q12429,10754,227,asdomkcaccia02,2018-05-06T13:12:03,,,,
"Caccia (asdomkcaccia03)",Q12552,10757,227,asdomkcaccia03,2018-05-06T13:12:03,,,,
"Caccia (asdomkcaccia04)",Q12600,10758,227,asdomkcaccia04,2018-05-06T13:12:03,,,,
"Caccia (asdomkcaccia05)",Q12629,10759,227,asdomkcaccia05,2018-05-06T13:12:04,,,,
"Caesar Belli",Q1520,6286,177,bellicaesar,2018-05-20T17:00:33,,,,
"Café des Artistes",Q1521,5240,208,cafedesartistes,2018-05-27T12:54:30,,,,
Cairn,Q1522,5028,123,cairn,2018-05-13T12:23:20,,,,
"Caithlin Dar",Q1523,10159,96,darcaithlin,2018-04-22T16:17:45,Caithlin_Dar,,,
"Cal Bolder",Q1525,6912,177,boldercal,2018-05-20T17:00:45,,,,
Calamariani,Q1526,5027,123,calamariani,2018-05-13T12:23:20,,,,
"Calder II",Q1527,4133,151,calder2,2018-04-22T21:14:30,,,,
Caldoniani,Q1528,5026,123,caldoniani,2018-05-13T12:23:20,,,,
Caldos,Q1529,4134,151,caldos,2018-04-22T21:14:30,,,,
Calindra,Q1530,5639,334,calindra,2018-05-20T22:01:44,,,,
"Call to Arms",Q1531,2503,1,dsn124,2018-04-02T21:04:38,,,,50941.2
"Call to Arms...",Q1532,4371,50,lidscalltoarms,2018-05-13T12:47:25,,,,
Calla,Q1533,2175,95,calla,2018-04-22T16:17:20,Calla,,,
"Callan White",Q1534,7958,198,whitecallan,2018-05-20T20:34:27,,,,
"Callinon VII",Q1535,10537,151,callinon7,2018-04-22T21:14:32,,,,
"Calvin Hudson",Q1536,8464,100,hudsoncalvin,2018-04-22T16:17:38,Calvin_Hudson,,,
"Calvin Hutchinson",Q1537,8107,100,hutchinsoncalvin,2018-04-22T16:17:35,Calvin_Hutchinson,,,
"Camaleonte calrissiano",Q1539,10789,207,camaleonteclarissiano,2018-05-20T22:01:58,Calrissian_chameleon,"Calrissian chameleon",,
"Cambiamenti tra le stagioni (dsncambiamenti)",Q12528,9100,345,dsncambiamenti,2018-04-07T16:50:26,,,,
"Cambiamenti tra le stagioni (entcambiamenti)",Q12448,7183,320,entcambiamenti,2018-04-07T16:50:23,,,,
"Cambiamenti tra le stagioni (tngcambiamenti)",Q12562,8285,340,tngcambiamenti,2018-04-07T16:50:24,,,,
"Cambiamenti tra le stagioni (toscambiamenti)",Q12435,7149,352,toscambiamenti,2018-05-20T22:01:49,,,,
"Cambiamenti tra le stagioni (voycambiamenti)",Q12482,10292,349,voycambiamenti,2018-04-07T16:50:27,,,,
Cameron,Q1541,5774,202,cameron,2018-05-27T13:08:01,,,,
"Cameron Arnett",Q1542,7933,176,arnettcameron,2018-05-20T20:34:26,,,,
"Cameron Thor",Q1543,8148,195,thorcameron,2018-05-20T20:34:31,,,,
"Camille Saviola",Q1544,1564,194,saviolacamille,2018-05-20T16:21:07,,,nm0767779,
"Camor V",Q1545,4135,151,camor5,2018-04-22T21:14:30,,,,
Campbell,Q1546,393,302,assfkshuttlet6campbell,2018-05-06T13:11:21,Campbell,,,
Campio,Q1547,7902,95,campio,2018-04-22T16:17:35,Campio,,,
"Campo metafasico",Q1548,5189,32,campometafasico,2018-05-20T22:01:42,,"Metaphasic field",,
"Campo minato romulano",Q1549,5101,211,campominatoromulano,2018-05-20T22:01:39,,,,
"Campo psionico",Q1550,5188,32,campopsionico,2018-05-20T22:01:42,,,,
"Campor III",Q1551,10555,151,campor3,2018-04-22T21:14:32,,,,
"Camus II",Q1552,4032,151,camus2,2018-04-22T21:14:28,,,,
Canamar,Q1554,2326,17,ent043,2018-04-08T09:43:25,Canamar_%28episode%29,,tt0572185,
"Canamar (pianeta)",Q12580,4136,151,canamar,2018-04-22T21:14:30,,,,
"Canapés bulariani",Q1555,5943,204,canapesbulariani,2018-05-27T13:43:36,,,,
"Cane beniano",Q1556,10328,207,canebeniano,2018-05-20T22:01:54,,,,
Canopus,Q1557,4031,151,canopus,2018-04-22T21:14:28,,,,
"Cantiere navale Copernicus",Q1558,5693,202,cncopernicus,2018-05-27T13:07:58,,,,
"Cantiere navale Oakland",Q1562,5694,202,oakland,2018-05-27T13:07:58,,,,
"Cantiere navale San Francisco",Q1563,5665,202,cnsanfrancisco,2018-05-27T13:07:57,,,,
"Cantiere navale di Antares IV",Q1560,5691,202,cnantares4,2018-05-27T13:07:58,,,,
"Cantiere navale di Beta Antares",Q1561,5692,202,cnbetaantares,2018-05-27T13:07:58,,,,
"Capella IV",Q1564,4030,151,capella4,2018-04-22T21:14:28,,,,
Capellani,Q1565,5025,123,capellani,2018-05-13T12:23:20,,,,
"Capitano del Merchantman",Q1566,10543,355,capmerchantman,2018-04-22T16:17:48,Merchantman_personnel%23Human_Captain,,,
"Capitano della Saratoga",Q1567,10629,355,capitanosaratoga,2018-04-22T16:17:49,USS_Saratoga_%28NCC-31911%29_personnel,,,
Caprice,Q1568,8701,215,caprice,2018-04-22T16:17:39,Caprice,,,
"Captain's Holiday",Q1569,2621,21,tng067,2018-04-02T21:04:41,,,,43745.2
"Captains' Logs",Q1570,4405,56,sacaptainslogs,2018-05-20T22:01:37,,,,
"Captains' Logs Supplemental",Q1571,4406,56,sacaptainslogssup,2018-05-20T22:01:37,,,,
"Captive Pursuit",Q1572,2386,1,dsn006,2018-04-02T21:04:34,Captive_Pursuit,,,46477.5
"Carbon Creek",Q1573,2311,17,ent028,2018-04-08T09:43:24,Carbon_Creek_%28episode%29,,tt0572186,
Cardassia,Q1574,4029,151,cardassia,2018-04-22T21:14:28,,"Cardassia Prime",,
"Cardassia III",Q1575,10572,151,cardassia3,2018-04-22T21:14:32,,,,
"Cardassia IV",Q1576,4137,151,cardassia4,2018-04-22T21:14:30,Cardassia_IV,,,
"Cardassia V",Q1577,10492,151,cardassia5,2018-04-22T21:14:32,,,,
"Cardassian Sauna",Q1578,5241,208,cardassiansauna,2018-05-27T12:54:30,,,,
Cardassiani,Q1579,5024,123,cardassiani,2018-05-13T12:23:20,,,,
Cardassians,Q1580,2405,1,dsn025,2018-04-02T21:04:34,Cardassians_%28episode%29,,tt0708514,"47177.2,47178.3"
"Carel Struycken",Q1581,1630,194,struyckencarel,2018-05-20T16:21:09,,,nm0835393,
"Carema III",Q1582,4138,151,carema3,2018-04-22T21:14:30,,,,
Caretaker,Q1584,2733,22,voy001,2018-04-02T21:04:46,,,,48315.6
"Caretaker (romanzo)",Q12493,4623,54,livocaretaker,2018-05-13T12:47:33,,,,
"Carey Loftin",Q1585,6863,187,loftincarey,2018-05-20T17:00:45,,,,
"Carey Wilber",Q1586,7123,198,wilbercarey,2018-05-20T17:00:49,,,,
"Cargo (asbajortra01)",Q12517,34,14,asbajortra01,2018-05-06T13:10:46,,,,
"Cargo (asbajortra02)",Q12468,40,14,asbajortra02,2018-05-06T13:10:47,,,,
"Cargo (asbajortra03)",Q12431,41,14,asbajortra03,2018-05-06T13:10:47,,,,
"Cargo (ascardtrasporto)",Q12523,84,36,ascardtrasporto,2018-05-06T13:10:52,,,,
"Cargo (bajcargo04)",Q12574,43,14,bajcargo04,2018-05-06T13:10:47,,,,
"Cargo di Jaheel",Q1587,10432,46,cargojaheel,2018-05-06T13:11:58,,,,
"Cargo tarkaliano",Q1588,761,46,astarkaliano1,2018-05-06T13:11:47,,,,
"Cari Shayne",Q1589,9290,194,shaynecari,2018-05-20T20:34:49,,,,
"Carica nucleonica",Q1590,5215,211,caricanucleonica,2018-05-20T22:01:43,,,,
"Carl Byrd",Q1591,7010,177,byrdcarl,2018-05-20T17:00:48,,,,
"Carl Saxe",Q1592,6906,194,saxecarl,2018-05-20T17:00:45,,,,
"Carl Steven",Q1593,9931,194,stevencarl,2018-05-20T20:34:59,,,,
"Carl Torres",Q1594,9708,112,torrescarl,2018-04-22T16:17:44,Carl_Torres,,,
"Carl Zeemo",Q1595,9067,215,zeemocarl,2018-04-22T16:17:41,Carl_Zeemo,,,
"Carleton Eastlake",Q1596,9828,180,eastlakecarleton,2018-05-20T20:34:57,,,nm0247613,
Carlisle,Q1597,7047,95,carlisle,2018-04-22T16:17:32,Carlisle,,,
"Carlo Borriello",Q1598,4638,177,borriellocarlo,2018-05-20T16:21:14,,,,
Carlos,Q1599,6214,95,carlos,2018-04-22T16:17:28,Carlos_(student),,,
"Carlos Carrasco",Q1600,998,178,carrascocarlos,2018-05-20T16:20:49,,,nm0140033,
"Carlos Cestero",Q1601,10005,178,cesterocarlos,2018-05-20T20:35:02,,,,
"Carlos Ferro",Q1602,8186,181,ferrocarlos,2018-05-20T20:34:32,,,,
"Carlos LaCamara",Q1603,8658,187,lacamaracarlos,2018-05-20T20:34:38,,,,
"Carlos Mota",Q1604,10454,188,motacarlos,2018-05-20T21:13:01,,,,
"Carlos Palomino",Q1605,9448,191,palominocarlos,2018-05-20T20:34:50,,,,
"Carlos Ramirez",Q1606,6457,110,ramirez,2018-04-22T16:17:30,Carlos_Ramirez,,,
"Carly Thomas",Q1607,6358,195,thomascarly,2018-05-20T17:00:34,,,,
"Carmen Carter",Q1608,4701,178,cartercarmen,2018-05-20T17:00:27,,,,
"Carmen Davila",Q1609,7865,96,davilacarmen,2018-04-22T16:17:34,Carmen_Davila,,,
Carmichael,Q1610,8064,95,carmichael,2018-04-22T16:17:35,Carmichael,,,
Carmine,Q1611,6638,95,carmine,2018-04-22T16:17:31,Carmine,,,
"Carne di zabu",Q1612,5944,204,carnezabu,2018-05-27T13:43:36,,,,
"Carol Daniels Derment",Q1613,6030,179,dermentcarold,2018-05-20T17:00:29,,,,
"Carol Krnic",Q1614,9754,186,krniccarol,2018-05-20T20:34:55,,,,
"Carol Marcus",Q1615,10139,105,marcuscarol,2018-04-22T16:17:45,Carol_Marcus,,,
"Carole Davis",Q1616,9264,179,daviscarole,2018-05-20T20:34:48,,,,
"Carole Shelyne",Q1617,6813,194,shelynecarole,2018-05-20T17:00:43,,,,
"Caroline Junko King",Q1618,8020,185,junkokingcaroline,2018-05-20T20:34:29,,,,
"Caroline Kava",Q1619,7956,186,kavacaroline,2018-05-20T20:34:27,,,,
"Caroline Lagerfelt",Q1620,8534,187,legerfeltcaroline,2018-05-20T20:34:36,,,,
"Carolyn Allport",Q1621,7227,176,allportcarolyn,2018-05-20T17:00:52,,,,
"Carolyn Clowes",Q1622,4729,178,clowescarolyn,2018-05-20T17:00:28,,,,
"Carolyn McCormick",Q1623,1389,188,mccormickcarolyn,2018-05-20T16:21:01,,,nm0566509,
"Carolyn Nelson",Q1624,6952,189,nelsoncarolyn,2018-05-20T17:00:46,,,,
"Carolyn Palamas",Q1625,3191,108,palamascarolyn,2018-04-22T16:17:25,Carolyn_Palamas,,,
"Carolyn Seymour",Q1626,1582,194,seymourcarolyn,2018-05-20T16:21:07,,,nm0786809,
"Carolyne Barry",Q1627,7242,177,barrycarolyne,2018-05-20T17:00:52,,,,
"Carpenter Street",Q1628,2346,17,ent063,2018-04-08T09:43:25,Carpenter_Street_%28episode%29,,tt0572187,
"Carrie Stauber",Q1629,1621,194,staubercarrie,2018-05-20T16:21:09,,,nm0823874,
Carson,Q1630,2267,95,carson,2018-04-22T16:17:20,Carson_(Ensign),,,
Carstairs,Q1631,2268,95,carstairs,2018-04-22T16:17:20,Carstairs_(geologist),,,
Carter,Q1632,2269,95,carter,2018-04-22T16:17:20,Carter,,,
Cartwright,Q1633,10152,95,cartwright,2018-04-22T16:17:45,Cartwright,,,
"Cary Hiroyuki",Q1634,7192,183,hiroyukicary,2018-05-20T17:00:51,,,,
"Cascata di metreoni",Q1635,5202,211,metreoni,2018-05-20T22:01:42,,,,
Casey,Q1636,2270,95,casey,2018-04-22T16:17:20,Casey_(security),,,
"Casey Biggs",Q1637,927,177,biggscasey,2018-05-20T16:20:47,,,nm0081827,
"Casperia Prime",Q1638,4028,151,casperiaprime,2018-04-22T21:14:28,,,,
Cassandra,Q1639,8447,95,cassandra,2018-04-22T16:17:38,Cassandra_(Human),,,
"Cassandra (Phase II)",Q1640,3007,20,phase203,2018-04-30T09:57:21,,,,
"Cassandra Bryam",Q1641,8289,177,bryamcassandra,2018-05-20T20:34:33,,,,
Cassie,Q1642,8954,95,cassie,2018-04-22T16:17:40,Cassie,,,
"Cast regolare (dsncast)",Q1643,9095,345,dsncast,2018-04-07T16:50:25,,,,
"Cast regolare (entcast)",Q1644,7179,320,entcast,2018-04-07T16:50:23,,,,
"Cast regolare (tascast)",Q1645,10595,325,tascast,2018-04-30T09:57:24,,,,
"Cast regolare (tngcast)",Q12588,8276,340,tngcast,2018-04-07T16:50:24,,,,
"Cast regolare (toscast)",Q1646,7143,352,toscast,2018-05-20T22:01:48,,,,
"Cast regolare (voycast)",Q1647,9833,349,voycast,2018-04-07T16:50:26,,,,
Casters,Q1648,2271,95,casters,2018-04-22T16:17:20,,,,
"Castulo Guerra",Q1649,7564,182,guerracastulo,2018-05-20T17:00:58,,,,
"Catherine Hicks",Q1650,9959,183,hickscatherine,2018-05-20T20:35:00,,,,
"Catherine MacNeal",Q1651,9128,188,macnealcatherine,2018-05-20T20:34:46,,,,
Cathexis,Q1652,2744,22,voy013,2018-04-02T21:04:46,,,,48734.2
"Cathie Shirriff",Q1653,9947,194,shirriffcathie,2018-05-20T20:35:00,,,,
"Cathy DeBuono",Q1654,9038,179,debuonocathy,2018-05-20T20:34:45,,,nm0213583,
Catspaw,Q1655,2933,18,tos30,2018-04-07T16:50:17,,,tt0708423,3018.2
Catualla,Q1656,4027,151,catualla,2018-04-22T21:14:28,,,,
"Cause and Effect",Q1657,2672,21,tng118,2018-04-02T21:04:43,,,,45652.1
"Caves of Kahless",Q1658,5242,208,cavesofkahless,2018-05-27T12:54:30,,,,
Cavit,Q1659,2173,95,cavit,2018-04-22T16:17:20,Cavit,,,
Caylem,Q1660,9216,95,caylem,2018-04-22T16:17:42,Caylem,,,
"Cease Fire",Q1661,2324,17,ent041,2018-04-02T21:04:29,,,,
"Cecile Callan",Q1662,9118,178,callancecile,2018-05-20T20:34:45,,,,
"Cecily Adams",Q1663,865,176,adamscecily,2018-05-20T16:20:45,,,nm0010820,
"Celeste Yarnall",Q1664,6939,200,yarnallceleste,2018-05-20T17:00:46,,,,
"Celia Lovsky",Q1665,6916,187,lovskycelia,2018-05-20T17:00:45,,,,
"Celtris III",Q1666,4139,151,celtris3,2018-04-22T21:14:30,,,,
"Cerebus II",Q1667,4026,151,cerebus2,2018-04-22T21:14:28,,,,
Ceris,Q1668,6550,95,ceris,2018-04-22T16:17:31,Ceris,,,
Cervalina,Q1669,3696,58,cervalina,2018-05-20T22:01:34,,,,
"Cestus III",Q1670,4025,151,cestus3,2018-04-22T21:14:28,,,,
"Ceti Alfa V",Q1671,4024,151,cetialfa5,2018-04-22T21:14:28,Ceti_Alpha_V,"Ceti Alpha V",,
"Ceti Alfa VI",Q1672,4023,151,cetialfa6,2018-04-22T21:14:28,,,,
Ch'Pok,Q1673,8717,95,chpok,2018-04-22T16:17:39,Ch%27Pok,,,
Ch'Rega,Q1674,2163,95,chrega,2018-04-22T16:17:19,Ch%27Rega,,,
Ch'Targh,Q1675,8924,95,chtargh,2018-04-22T16:17:39,Ch%27Targh,,,
"Chad Allen",Q1676,7773,176,allenchad,2018-05-20T17:01:00,,,,
"Chad Halyard",Q1677,9767,183,halyardchad,2018-05-20T20:34:55,,,,
"Chad Haywood",Q1678,9302,183,haywoodchad,2018-05-20T20:34:49,,,,
Chadwick,Q1679,8956,95,chadwick,2018-04-22T16:17:40,Chadwick,,,
Chaffee,Q1680,445,306,assfkshuttlet10chaffee,2018-05-06T13:11:27,Chaffee,,,
"Chain of Attack",Q1681,4507,53,litochainattack,2018-05-13T12:47:28,,,,
"Chain of Command - Part I",Q1682,2690,21,tng136,2018-04-02T21:04:44,,,,46357.1
"Chain of Command - Part II",Q1683,2691,21,tng137,2018-04-02T21:04:44,,,,46360.8
Chakotay,Q1684,2172,95,chakotay,2018-04-22T16:17:20,Chakotay,,,
"Chakotay Training Program 15-beta",Q1685,5243,208,chakotay15b,2018-05-27T12:54:30,,,,
"Chalan Aroya",Q1686,8734,95,chalanaroya,2018-04-22T16:17:39,Chalan_Aroya,,,
Chalna,Q1687,4140,151,chalna,2018-04-22T21:14:30,,,,
Chalnoth,Q1688,5023,123,chalnoth,2018-05-13T12:23:20,,,,
"Chaltok IV",Q1689,4022,151,chaltok4,2018-04-22T21:14:28,,,,
"Champagne kandora",Q1690,10551,203,champagnekandora,2018-05-27T13:13:57,,"Kandora champagne",,
"Champs Elysees",Q1691,5244,208,champselysees,2018-05-27T12:54:30,,,,
Chandler,Q1692,8965,215,chandler,2018-04-22T16:17:40,Chandler,,,
"Chandra (chandra)",Q1693,2171,95,chandra,2018-04-22T16:17:20,Chandra_(Captain),,,
"Chandra (chandra1)",Q1694,10290,95,chandra1,2018-04-22T16:17:47,,,,
"Chandra V",Q1695,4021,151,chandra5,2018-04-22T21:14:28,,,,
"Chang (chang)",Q1696,10174,95,chang,2018-04-22T16:17:46,Chang_(General),,,
"Chang (changlt)",Q1697,2170,95,changlt,2018-04-22T16:17:19,Chang_(Tac_Officer),,,
"Chang (changmaco)",Q1698,2272,95,changmaco,2018-04-22T16:17:21,Chang_(Corporal),,,
"Change of Heart",Q1699,2519,1,dsn140,2018-04-02T21:04:38,,,,51597.2
Channing,Q1700,2169,95,channing,2018-04-22T16:17:19,Channing,,,
"Chantal R. Zaheva",Q10445,7749,118,zahevachantal,2018-04-22T16:17:34,Chantal_Zaheva,,,
Chaotica,Q1702,9385,215,chaotica,2018-04-22T16:17:42,Chaotica,,,
Chapman,Q1703,10325,95,chapmanprof,2018-04-22T16:17:47,Chapman_(Professor),,,
Chardis,Q1704,9325,95,chardis,2018-04-22T16:17:42,Chardis,,,
Charlene,Q1705,9368,215,charlene,2018-04-22T16:17:42,Charlene,,,
"Charlene Masters",Q1706,1995,105,masterscharlene,2018-04-22T16:17:15,Charlene_Masters,,,
"Charlene Polite",Q1707,6055,191,politecharlene,2018-05-20T17:00:29,,,,
"Charles Beck",Q1708,6316,177,beckcharles,2018-05-20T17:00:33,,,,
"Charles Cooper",Q1709,1042,178,coopercharles,2018-05-20T16:20:51,,,nm0177927,
"Charles Dayton",Q1710,7209,179,daytoncharles,2018-05-20T17:00:51,,,,
"Charles Dennis",Q1711,1092,179,dennischarles,2018-05-20T16:20:52,,,nm0219430,
"Charles Dierkop",Q1712,6930,179,dierkopcharles,2018-05-20T17:00:46,,,,
"Charles Douglass",Q1713,7390,179,douglasscharles,2018-05-20T17:00:54,,,,
"Charles Drake",Q1714,6950,179,drakecharles,2018-05-20T17:00:46,,,,
"Charles Emmett",Q1715,9272,180,emmettcharles,2018-05-20T20:34:48,,,,
"Charles Esten",Q1716,1136,180,estencharles,2018-05-20T16:20:54,,,nm0261595,
"Charles G. McGraw",Q1717,4751,188,mcgrawcharlesg,2018-05-20T17:00:28,,,,
"Charles Gunning",Q1718,7972,182,gunningcharles,2018-05-20T20:34:28,,,,
"Charles H. Hyman",Q1719,7258,183,hymancharlesh,2018-05-20T17:00:53,,,,
"Charles J. Stewart",Q1720,6748,194,stewartcharlesj,2018-05-20T17:00:41,,,,
"Charles Macauley",Q1721,1352,188,macauleycharles,2018-05-20T16:21:00,,,nm0531321,
"Charles Maxwell",Q1722,6325,188,maxwellcharles,2018-05-20T17:00:33,,,,
"Charles Napier",Q1723,1445,189,napiercharles,2018-05-20T16:21:03,,,nm0621008,
"Charles O. Lucia",Q1724,1346,187,luciacharles,2018-05-20T16:21:00,,,nm0524547,
"Charles Palmer",Q1725,6920,191,palmercharles,2018-05-20T17:00:46,,,,
"Charles Parks",Q1726,8532,191,parkscharles,2018-05-20T20:34:36,,,,
"Charles Rocket",Q1727,9450,193,rocketcharles,2018-05-20T20:34:50,,,,
"Charles S. Chun",Q1728,8837,178,chuncharless,2018-05-20T20:34:41,,,,
"Charles Seel",Q1729,6327,194,seelcharles,2018-05-20T17:00:33,,,,
"Charles Spano A. Jr.",Q1730,4720,194,spanoacharlesjr,2018-05-20T17:00:28,,,,
"Charles Tentindo",Q1731,8751,195,tentindocharles,2018-05-20T20:34:39,,,,
"Charles Tucker (specchio)",Q1732,10270,356,mituckercharles,2018-05-20T22:01:53,,,,
"Charles Whatley",Q1733,8794,115,whatleycharles,2018-04-22T16:17:39,Charlie_Whatley,,,
"Charley Lang",Q1734,7603,187,langcharley,2018-05-20T17:00:59,,,,
"Charlie Brewer",Q1735,961,177,brewercharlie,2018-05-20T16:20:48,,,nm0007200,
"Charlie Brill",Q1736,963,177,brillcharlie,2018-05-20T16:20:48,,,nm0109318,
"Charlie Curtis",Q1737,8859,178,curtischarlie,2018-05-20T20:34:41,,,,
"Charlie Evans",Q1738,2130,97,evanscharlie,2018-04-22T16:17:19,Charles_Evans,,,
"Charlie X",Q1739,2911,18,tos08,2018-04-07T16:50:14,,,tt0708424,1533.6
"Charlotte Douglas",Q1740,4702,179,douglascharlotte,2018-05-20T17:00:27,,,,
"Charnock's Comedy Cabaret",Q1741,5245,208,charnock,2018-05-27T12:54:31,,,,
Charybdis,Q1742,713,44,asterracharybdis,2018-05-06T13:11:44,,,,
"Chase Masterson",Q1743,1378,188,mastersonchase,2018-05-20T16:21:01,,,nm0557732,
"Chase Penny",Q1744,9762,191,pennychase,2018-05-20T20:34:55,,,,
"Chateau Cleon",Q1745,10621,203,chateaucleon,2018-05-27T13:13:57,,,,
Chech'tluth,Q1747,5800,203,chechtluth,2018-05-27T13:13:55,,,,
"Cheesecake newyorkese",Q1748,5945,204,cheesecakeny,2018-05-27T13:43:36,,,,
Chekote,Q1749,8214,95,chekote,2018-04-22T16:17:35,Chekote,,,
Chell,Q1750,2165,95,chell,2018-04-22T16:17:19,Chell,,,
Chellick,Q1751,9681,95,chellick,2018-04-22T16:17:44,Chellick,,,
"Chelsea Bond",Q1752,6149,177,bondchelsea,2018-05-20T17:00:31,,,,
Cheney,Q1754,2274,95,cheney,2018-04-22T16:17:21,Cheney,,,
Cheron,Q1755,4020,151,cheron,2018-04-22T21:14:28,,,,
"Ches'sarro Seeto",Q1756,10477,95,chessarroseeto,2018-04-22T16:17:48,Ches%27sarro_Seeto,,,
"Chet L. Richards",Q1757,6129,193,richardschetl,2018-05-20T17:00:30,,,,
"Chez Sandrine",Q1758,5246,208,chezsandrine,2018-05-27T12:54:31,,,,
"Chic Daniel",Q1759,10062,179,danielchic,2018-05-20T20:35:04,,,,
"Child's Play",Q1760,2870,22,voy139,2018-04-02T21:04:52,,,,
"Children of Time",Q1762,2499,1,dsn120,2018-04-02T21:04:38,Children_of_Time,,tt0708516,50814.2
Chimera,Q1763,2543,1,dsn164,2018-04-08T09:43:25,,,,
"Chip Chalmers",Q1764,1012,178,chalmerschip,2018-05-20T16:20:50,,,nm0150024,
"Chip Heller",Q1767,7403,183,hellerchip,2018-05-20T17:00:54,,,,
"Chip Mayer",Q1769,9031,188,mayerchip,2018-05-20T20:34:44,,,,
"Chip di credito",Q1765,5621,332,chipcredito,2018-05-20T22:01:44,,,,
"Chip duotronico",Q1766,10679,32,chipduotronico,2018-05-20T22:01:58,,,,
"Chip isolineari",Q1768,5187,32,chipisolineari,2018-05-20T22:01:42,,,,
"Chiromeningite vegana",Q1770,3667,59,chiromeningitevegana,2018-05-20T22:01:33,,,,
Chorgan,Q1772,7642,95,chorgan,2018-04-22T16:17:33,Chorgan,,,
"Chosen Realm",Q1773,2347,17,ent064,2018-04-02T21:04:31,,,,
"Chris Abbott",Q1774,9155,176,abbottchris,2018-05-20T20:34:46,,,nm0007947,
"Chris Black",Q1775,937,177,blackchris,2018-05-20T16:20:48,,,nm0085220,
"Chris Covics",Q1776,9741,178,covicschris,2018-05-20T20:34:54,,,,
"Chris Demetral",Q1777,7787,179,demetralchris,2018-05-20T17:01:00,,,,
"Chris Freeman",Q1778,6459,181,freemanchris,2018-05-20T17:00:36,,,,
"Chris Hemsworth",Q1779,10664,178,hemsworthchris,2018-05-20T21:13:02,,,nm1165110,
"Chris Howarth",Q1780,4649,183,howarthchris,2018-05-20T16:21:14,,,,
"Chris Johnston",Q1781,9185,185,johnstonchris,2018-05-20T20:34:47,,,,
"Chris Kreski",Q1782,4657,186,kreskichris,2018-05-20T16:21:14,,,,
"Chris Nelson Norris",Q1783,8519,189,norrischrisnelson,2018-05-20T20:34:36,,,,
"Chris Palermo",Q1784,10126,191,palermochris,2018-05-20T21:13:00,,,,
"Chris Pine",Q1785,10651,191,pinechris,2018-05-20T21:13:02,,,nm1517976,
"Chris Sarandon",Q1786,8502,194,sarandonchris,2018-05-20T20:34:35,,,,
"Christian Conrad",Q1787,1036,178,conradchristian,2018-05-20T16:20:51,,,nm0175622,
"Christian Ford",Q1788,8674,181,fordchristian,2018-05-20T20:34:39,,,nm0285557,
"Christian J. Fletcher",Q1789,10064,181,fletcherchristianj,2018-05-20T20:35:04,,,,
"Christian Patrick",Q1790,6819,191,patrickchristian,2018-05-20T17:00:43,,,,
"Christian R. Conrad",Q1791,9814,178,conradchristianr,2018-05-20T20:34:57,,,,
"Christian Slater",Q1792,10004,194,slaterchristian,2018-05-20T20:35:02,,,,
"Christian Zimmerman",Q1793,8899,201,zimmermanchristian,2018-05-20T20:34:42,,,,
"Christie Golden",Q1794,4748,182,goldenchristie,2018-05-20T17:00:28,,,,
"Christine Chapel",Q1795,2168,95,chapelchristine,2018-04-22T16:17:19,Christine_Chapel,,,
"Christine Delgado",Q1796,1089,179,delgadochristine,2018-05-20T16:20:52,,,nm1068972,
"Christine Harnos",Q1797,9436,183,harnoschristine,2018-05-20T20:34:50,,,,
"Christine Healy",Q1798,8633,183,healychristine,2018-05-20T20:34:37,,,,
"Christine Jansen",Q1799,10028,185,jansenchristine,2018-05-20T20:35:03,,,,
"Christine Romeo",Q1800,6626,193,romeochristine,2018-05-20T17:00:40,,,,
"Christine Rose",Q1801,8042,193,resechristine,2018-05-20T20:34:30,,,,
"Christinna Chauncey",Q1802,9746,178,chaunceychristinna,2018-05-20T20:34:54,,,,
Christopher,Q1803,8122,95,christopher,2018-04-22T16:17:35,Christopher,,,
"Christopher Aguilar",Q1804,9298,176,aguilarchristopher,2018-05-20T20:34:49,,,,
"Christopher Brynner",Q1805,8578,94,brynnerchristopher,2018-04-22T16:17:38,Christopher_Brynner,,,
"Christopher Carroll",Q1806,1000,178,carrollchristopher,2018-05-20T16:20:49,,,nm0140768,
"Christopher Clarke",Q1807,9289,178,clarkechristopher,2018-05-20T20:34:49,,,,
"Christopher Collins",Q1808,1032,178,collinschristopher,2018-05-20T16:20:50,,,nm0490383,
"Christopher Curry",Q1809,10785,178,currychristopher,2018-05-20T21:13:04,Christopher_Curry,,nm0193061,
"Christopher Darga",Q1810,1069,179,dargachristopher,2018-05-20T16:20:52,,,nm0201178,
"Christopher Doohan",Q1811,10695,179,doohanchristopher,2018-05-20T21:13:03,,,nm1067053,
"Christopher Doyle",Q1812,1114,179,doylechristopher,2018-05-20T16:20:53,,,nm0236312,
"Christopher Goodman",Q1813,6512,182,goodmanchristopher,2018-05-20T17:00:37,,,,
"Christopher Halsted",Q1814,1211,183,halstedchristopher,2018-05-20T16:20:56,,,nm0357073,
"Christopher Hatton",Q1815,1220,183,hattonchristopher,2018-05-20T16:20:56,,,nm0369030,
"Christopher Held",Q1816,6831,183,heldchristopher,2018-05-20T17:00:44,,,,
"Christopher Hobson",Q1817,7770,100,hobsonchristopher,2018-04-22T16:17:34,Christopher_Hobson,,,
"Christopher James Miller",Q1818,10038,188,millerchristopherjames,2018-05-20T20:35:03,,,,
"Christopher Jewett",Q1819,6620,185,jewettchirstopher,2018-05-20T17:00:39,,,,
"Christopher L. Bennett",Q1820,10416,177,bennettchristopher,2018-05-20T21:13:01,,,,
"Christopher Lloyd",Q1821,9925,187,lloydchristopher,2018-05-20T20:34:59,,,,
"Christopher McDonald",Q1822,7584,188,mcdonaldchristopher,2018-05-20T17:00:59,,,,
"Christopher Michael",Q1823,1415,188,michaelchristopher,2018-05-20T16:21:02,,,nm0584091,
"Christopher Neame",Q1824,1447,189,neamechristopher,2018-05-20T16:21:03,,,nm0623762,
"Christopher Neiman",Q1825,9759,189,neimanchristopher,2018-05-20T20:34:55,,,,
"Christopher Pettiet",Q1826,7577,191,pettietchristopher,2018-05-20T17:00:59,,,,
"Christopher Pike",Q1827,1933,108,pikechristopher,2018-04-22T16:17:14,Christopher_Pike,,,